"Index","Barcode","TotalReads","UsableReadsCount","RelUsableReads","CRISPR","shRNA","primerDimer","HighestReadCount","HighestReadSeq"
"TGACCA","Unidentified",85691,0,0,70629,77,4612,3819,"GGCTTTATATATCTTGTGGAATTGGCTCCGGTGCCCGTCAGTAGATCGGAAGAGCACA"
"TGACCA","CGTGAT",80246,49964,62.3,68397,36,6255,5747,"GGCTTTATATATCTTGTGGAATTGGCTCCGGTGCCCGTCAGTAGATCGGAAGAGCACA"
"TGACCA","ACATCG",74792,33964,45.4,47184,34,19401,18088,"GGCTTTATATATCTTGTGGAATTGGCTCCGGTGCCCGTCAGTAGATCGGAAGAGCACA"
"TGACCA","GCCTAA",84485,45515,53.9,63224,37,14150,13378,"GGCTTTATATATCTTGTGGAATTGGCTCCGGTGCCCGTCAGTAGATCGGAAGAGCACA"
"TGACCA","TGGTCA",56290,36125,64.2,51752,41,604,522,"GGCTTTATATATCTTGTGGAATTGGCTCCGGTGCCCGTCAGTAGATCGGAAGAGCACA"
"TGACCA","CACTGT",72544,44038,60.7,60248,25,7020,6631,"GGCTTTATATATCTTGTGGAATTGGCTCCGGTGCCCGTCAGTAGATCGGAAGAGCACA"
"TGACCA","ATTGGC",84577,42554,50.3,57735,21,18469,17568,"GGCTTTATATATCTTGTGGAATTGGCTCCGGTGCCCGTCAGTAGATCGGAAGAGCACA"
"TGACCA","GATCTG",65691,45310,69,61839,27,214,196,"GGCTTTATATATCTTGTGGAATTGGCTCCGGTGCCCGTCAGTAGATCGGAAGAGCACA"
"TGACCA","TCAAGT",73268,47841,65.3,65292,36,3215,2994,"GGCTTTATATATCTTGTGGAATTGGCTCCGGTGCCCGTCAGTAGATCGGAAGAGCACA"
"TGACCA","CTGATC",72227,49500,68.5,67287,28,1023,979,"GGCTTTATATATCTTGTGGAATTGGCTCCGGTGCCCGTCAGTAGATCGGAAGAGCACA"
"TGACCA","AAGCTA",104,30,28.8,88,0,1,1,"CTGAATCTCTTTAGTCGCAGTAGGCGGAAAACGAACAAGCGCAAGAGTAAACATAGTG"
"TGACCA","GTAGCC",45,20,44.4,35,0,2,2,"GGCTTTATATATCTTGTGGAATTGGCTCCGGTGCCCGTCAGTAGATCGGAAGAGCACA"
"TGACCA","TACAAG",40,13,32.5,27,0,1,1,"CAGGACGCTTTTTCACGTTCTGGTTGGTTGTGGCCTGTTGATGCTAAAGGGGAGCCGC"
