partner_a,partner_b
APP,FPR2
APP,SORL1
APP,TNFRSF21
APP,CD74
ADORA1,ENTPD1
ADORA2A,ENTPD1
ADORA2B,ENTPD1
ADORA3,ENTPD1
ADM,RAMP3
AGRN,NCAM1
AGRN,PTPRS
AGRP,MC3R
AGRP,MC4R
LRPAP1,SORT1
NPPA,NPR1
ANGPT1,TEK
ANGPT2,TEK
ANGPT4,TEK
AGT,AGTR1
AGT,AGTR2
ANXA1,FPR2
ANXA1,FPR3
APLN,APLNR
APOA1,ABCA1
APOB,APOBR
AREG,EGFR
ASIP,MC1R
BAG6,NCR3
BDNF,NTRK2
BDNF,SORT1
BDNF,NGFR
BST2,LILRA4
BTC,ERBB4
BTC,EGFR
BTC,ERBB3
BTLA,TNFRSF14
CD160,TNFRSF14
CDH1,KLRG1
CDH2,CDH2
CDH3,CDH3
CDH5,CDH5
CDH6,CDH6
CDH7,CDH7
CADM1,CADM1
CADM1,NECTIN3
CADM3,CADM1
CADM3,CADM4
CADM3,NECTIN3
CALCA,CALCR
CCK,CCKAR
CCK,CCKBR
CCL1,CCR8
CCL11,ACKR2
CCL11,CCR3
CCL11,DPP4
CCL13,ACKR2
CCL13,CCR2
CCL13,CCR3
CCL14,ACKR2
CCL14,CCR1
CCL14,CCR3
CCL15,CCR1
CCL15,CCR3
CCL16,CCR1
CCL16,CCR2
CCL16,CCR8
CCL16,HRH4
CCL17,CCR4
CCL18,CCR8
CCL19,ACKR4
CCL19,CCRL2
CCL19,CCR7
CCL2,ACKR2
CCL2,ACKR1
CCL2,CCR2
CCL20,CCR6
CCL21,ACKR4
CCL21,CCR7
CCL22,CCR4
CCL22,DPP4
CCL23,FPR2
CCL23,CCR1
CCL24,CCR3
CCL25,ACKR4
CCL25,CCR9
CCL26,CCR1
CCL26,CCR2
CCL26,CCR3
CCL27,CCR10
CCL28,CCR10
CCL3,ACKR2
CCL3,CCR1
CCL3,CCR3
CCL3,CCR5
CCL3L1,CCR1
CCL3L1,CCR3
CCL4,ACKR2
CCL4,CCR5
CCL5,ACKR2
CCL5,ACKR1
CCL5,CCR1
CCL5,CCR3
CCL5,CCR4
CCL5,CCR5
CCL5,GPR75
CCL7,ACKR2
CCL7,CCR1
CCL7,CCR2
CCL7,CCR3
CCL7,CCR5
CCL8,ACKR2
CCL8,CCR1
CCL8,CCR2
CCL8,CCR3
CCL8,CCR5
ALCAM,CD6
CD1D,LILRB2
CD226,NECTIN2
CD24,SELP
CD276,TREML2
CD34,SELL
CD34,SELP
CD40LG,CD40
CD44,SELE
CD48,CD244
CD52,SIGLEC10
CD70,CD27
CD80,CD28
CD80,CTLA4
CD86,CD28
CD86,CTLA4
CD99,PILRA
CEACAM1,CD209
CEACAM1,CEACAM6
CEACAM1,CEACAM8
CEACAM1,SELE
CEACAM5,CD8A
CEACAM5,CD1D
CEACAM5,CEACAM1
CEACAM5,CEACAM6
CEACAM6,CEACAM6
CEACAM8,CEACAM6
CLEC2A,KLRF2
CLEC2B,KLRF1
CNTN1,NOTCH1
CNTN1,NOTCH2
C3,C3AR1
C3,C5AR2
C4A,C5AR2
C5,C5AR1
C5,C5AR2
POMC,MC2R
POMC,MC3R
POMC,MC4R
POMC,MC5R
POMC,MC1R
POMC,OPRD1
POMC,OPRK1
POMC,OPRM1
CORT,SSTR1
CORT,SSTR2
CORT,SSTR3
CORT,SSTR4
CORT,SSTR5
CRH,CRHR1
CRH,CRHR2
CRTAM,CADM1
CSF1,CSF1R
CSF3,CSF3R
CXCL2,CXCR2
CXCL2,DPP4
CXCL3,CXCR2
CXCL5,CXCR1
CXCL5,CXCR2
CXCL6,CXCR1
CXCL6,CXCR2
PPBP,CXCR1
PPBP,CXCR2
CXCL9,CXCR3
CXCL9,DPP4
CXCL10,CXCR3
CXCL10,DPP4
CXCL11,ACKR3
CXCL11,CXCR3
CXCL11,DPP4
CXCL13,ACKR4
CXCL13,CXCR5
CXCL14,CXCR4
CXCL16,CXCR6
CD55,ADGRE5
DKK1,LRP5
DKK1,LRP6
DKK2,LRP6
DLK1,NOTCH2
DLK1,NOTCH3
DLK1,NOTCH4
DLK1,NOTCH1
DLL1,NOTCH1
DLL1,NOTCH2
DLL1,NOTCH3
DLL1,NOTCH4
DLL3,NOTCH3
DLL3,NOTCH1
DLL3,NOTCH2
DLL3,NOTCH4
DLL4,NOTCH3
DLL4,NOTCH1
DLL4,NOTCH2
DLL4,NOTCH4
DSC1,DSG2
DSC2,DSG2
DSG1,DSC1
DSG1,DSC2
DSG1,DSC3
DSG2,DSC3
EFNA1,EPHA1
EFNA1,EPHA2
EFNA1,EPHA3
EFNA1,EPHA4
EFNA1,EPHA5
EFNA1,EPHA7
EFNA1,EPHA8
EFNA2,EPHA1
EFNA2,EPHA2
EFNA2,EPHA3
EFNA2,EPHA4
EFNA2,EPHA5
EFNA2,EPHA7
EFNA2,EPHA8
EFNA3,EPHA4
EFNA3,EPHA5
EFNA3,EPHA7
EFNA3,EPHA1
EFNA3,EPHA2
EFNA3,EPHA3
EFNA3,EPHA8
EFNA4,EPHA4
EFNA4,EPHA5
EFNA4,EPHA7
EFNA4,EPHA1
EFNA4,EPHA2
EFNA4,EPHA3
EFNA4,EPHA8
EFNA5,EPHA4
EFNA5,EPHA5
EFNA5,EPHA7
EFNA5,EPHA1
EFNA5,EPHA2
EFNA5,EPHA3
EFNA5,EPHA8
EFNA5,EPHB2
EFNB1,EPHA4
EFNB1,EPHB1
EFNB1,EPHB2
EFNB1,EPHB3
EFNB1,EPHB4
EFNB1,EPHB6
EFNB2,EPHA4
EFNB2,EPHB1
EFNB2,EPHB3
EFNB2,EPHB4
EFNB2,EPHB2
EFNB2,EPHB6
EFNB3,EPHA4
EFNB3,EPHB1
EFNB3,EPHB2
EFNB3,EPHB3
EFNB3,EPHB4
EFNB3,EPHB6
EGF,EGFR
APELA,APLNR
EPGN,EGFR
EPO,EPOR
EREG,EGFR
EREG,ERBB4
ESAM,ESAM
FCER2,CR2
FGF1,FGFR1
FGF1,FGFR2
FGF1,FGFR3
FGF1,FGFR4
FGF10,FGFR2
FGF17,FGFR3
FGF2,FGFR1
FGF2,FGFR2
FGF2,FGFR3
FGF2,FGFR4
FGF20,FGFR3
FGF22,FGFR2
FGF3,FGFR2
FGF4,FGFR1
FGF5,FGFR1
FGF6,FGFR1
FGF7,FGFR2
FGF8,FGFR3
FGF9,FGFR3
FGL1,LAG3
FLT3LG,FLT3
FTH1,SCARA5
FTL,SCARA5
GAS6,MERTK
GAS6,TYRO3
GAS6,AXL
GAST,CCKBR
GHRL,GHRHR
GIP,GIPR
GCG,GLP1R
GCG,GLP2R
GCG,GCGR
GNRH1,GNRHR
GNRH1,GNRHR2
GNRH2,GNRHR
GNRH2,GNRHR2
C10orf99,GPR15
C10orf99,SUSD2
CXCL1,ACKR1
CXCL1,CXCR1
CXCL1,CXCR2
GRP,GRPR
HBEGF,EGFR
HBEGF,ERBB4
HBEGF,ERBB2
HEBP1,FPR3
HFE,TFRC
HGF,MET
MST1,MST1R
HLA-A,KIR3DL1
HLA-B,KIR3DL2
HLA-C,KIR2DL1
HLA-C,KIR2DL3
HLA-E,KLRC1
HLA-E,KLRC2
HLA-E,KLRK1
HLA-F,KIR3DL1
HLA-F,KIR3DL2
HLA-F,KIR3DS1
HLA-F,LILRB1
HLA-F,LILRB2
HLA-G,LILRB1
HLA-G,LILRB2
MT-RNR2,FPR2
MT-RNR2,FPR3
IGFBP3,TMEM219
ICAM1,ITGAL
ICAM1,SPN
ICAM2,CD209
ICAM3,CD209
ICAM3,CLEC4M
ICOSLG,ICOS
IGF1,IGF1R
IGF2,IGF1R
IGF2,IGF2R
IGFL1,IGFLR1
IGFL2,IGFLR1
IGFL3,IGFLR1
IL13,IL13RA2
IL34,CSF1R
CXCL8,ACKR1
CXCL8,CXCR1
CXCL8,CXCR2
INHBC,ACVR2A
INHBC,ACVR2B
INHBE,ACVR2A
INHBE,ACVR2B
INS,INSR
INSL3,RXFP2
INSL5,RXFP4
JAG1,NOTCH2
JAG1,NOTCH3
JAG1,NOTCH4
JAG1,CD46
JAG1,NOTCH1
JAG2,NOTCH1
JAG2,NOTCH2
JAG2,NOTCH3
JAG2,NOTCH4
JAM2,JAM3
JAM3,JAM3
KLRB1,CLEC2D
KNG1,BDKRB1
KNG1,BDKRB2
KNG1,RXFP4
L1CAM,L1CAM
LAIR1,LILRB4
LGALS3,MERTK
LGALS9,HAVCR2
LEP,LEPR
SPN,SIGLEC1
CD58,CD2
LEFTY1,TDGF1
LEFTY2,TDGF1
SELE,GLG1
PMCH,MCHR1
PMCH,MCHR2
MDK,ALK
MDK,PTPRZ1
MLN,MLNR
NCAM1,FGFR1
NELL2,ROBO3
NTN1,DCC
NTN1,DSCAM
NTN1,UNC5A
NTN1,UNC5B
NTN1,UNC5C
NTN4,NTRK2
NTN4,UNC5B
NTN4,UNC5D
OXT,OXTR
AVP,AVPR1A
AVP,AVPR1B
AVP,AVPR2
NTS,SORT1
LCN2,SLC22A17
NGF,NTRK1
NGF,SORT1
NGF,NGFR
NMB,NMBR
NMU,NMUR1
NMU,NMUR2
NPB,NPBWR1
NPB,NPBWR2
NPS,NPSR1
NPW,NPBWR1
NPW,NPBWR2
NCR3LG1,NCR3
NRG1,ERBB3
NRG1,ERBB4
NRG2,ERBB3
NRG2,ERBB4
NRG3,ERBB4
NRG4,ERBB4
NSMF,GNRHR
NTF3,NTRK2
NTF3,NTRK3
NTF3,NTRK1
NTF3,NGFR
NTF4,NTRK2
NTF4,NGFR
HCRT,HCRTR1
HCRT,HCRTR2
CD200,CD200R1
ADCYAP1,VIPR2
CD274,CD80
CD274,PDCD1
PDCD1LG2,PDCD1
PDGFA,PDGFRA
PDGFB,PDGFRA
PDGFB,PDGFRB
PDGFC,PDGFRA
PDGFD,PDGFRB
PODXL2,SELL
PODXL2,SELE
PODXL2,SELP
PDYN,OPRD1
PDYN,OPRK1
PDYN,OPRM1
PECAM1,CD177
PECAM1,CD38
PENK,OPRD1
PENK,OPRK1
PENK,OPRM1
PF4,CXCR3
PGF,NRP1
PGF,NRP2
PGF,FLT1
PNOC,OPRL1
PODXL,SELL
PPIA,BSG
PRL,PRLR
PROK1,PROKR1
PROK1,PROKR2
PROK2,PROKR1
PROK2,PROKR2
PRLH,PRLHR
PTHLH,PTH1R
PTHLH,PTH2R
PTH,PTH1R
PTH,PTH2R
PTN,ALK
PTN,PTPRZ1
PTPRC,CD22
PTPRC,MRC1
PTPRS,NTRK3
PVR,CD226
PVR,CD96
PVR,TIGIT
NECTIN1,CADM3
NECTIN1,NECTIN3
NECTIN1,NECTIN4
NECTIN2,NECTIN3
NECTIN2,TIGIT
NECTIN3,PVR
NECTIN3,TIGIT
RARRES2,CCRL2
RARRES2,CMKLR1
RARRES2,GPR1
RLN2,RXFP1
RLN2,RXFP2
RLN3,RXFP3
RLN3,RXFP4
RLN3,RXFP1
RLN3,RXFP2
RELN,LRP8
RELN,VLDLR
REN,ATP6AP2
RBP4,STRA6
RNASET2,TLR8
RSPO1,LGR4
RSPO1,LGR5
RSPO1,LGR6
RSPO2,LGR4
RSPO2,LGR5
RSPO2,LGR6
RSPO3,LGR4
RSPO3,LGR5
RSPO3,LGR6
RSPO4,LGR4
RSPO4,LGR5
RSPO4,LGR6
SAA1,FPR2
PSAP,GPR37L1
PSAP,GPR37
KITLG,KIT
CXCL12,DPP4
CXCL12,CXCR4
SCT,SCTR
SELPLG,SELL
SELPLG,SELE
SELPLG,SELP
SEMA3A,NRP1
SEMA3C,NRP2
SEMA3E,PLXND1
SEMA3F,NRP2
SEMA4A,PLXND1
SEMA4C,PLXNB2
SEMA4D,CD72
SEMA4D,PLXNB1
SEMA4D,PLXNB2
SEMA4D,PTPRC
SEMA4G,PLXNB2
SEMA5A,PLXNB3
SEMA7A,PLXNC1
SIRPA,CD47
SIGLEC15,CD44
TYROBP,CD44
SIRPG,CD47
GHRH,GHRHR
SLIT1,ROBO1
SLIT2,ROBO1
SLIT2,ROBO2
SST,SSTR1
SST,SSTR2
SST,SSTR3
SST,SSTR4
SST,SSTR5
GH2,GHR
GH1,GHR
SOSTDC1,LRP5
SOSTDC1,LRP6
ERVH48-1,SLC1A5
CD96,NECTIN1
TAFA1,GPR1
TAFA4,FPR1
TAFA5,FPR2
TAFA5,S1PR2
TGFA,EGFR
TGFB1,TGFBR3
TGFB2,TGFBR3
TGFB3,TGFBR3
F2,THBD
PTH2,PTH1R
PTH2,PTH2R
TAC1,TACR1
TAC1,TACR2
TAC3,TACR3
TNFSF13B,TNFRSF13C
TNFSF13B,TNFRSF17
TNFSF13B,TNFRSF13B
TNFSF10,TNFRSF10D
TNFSF10,TNFRSF10A
TNFSF10,TNFRSF10B
TNFSF10,TNFRSF10C
TNFSF11,TNFRSF11A
TNFSF12,TNFRSF12A
TNFSF12,TNFRSF25
TNFSF13,TNFRSF17
TNFSF13,TNFRSF13B
TNFSF14,TNFRSF14
TNFSF14,LTBR
TNFSF15,TNFRSF25
TNFSF18,TNFRSF18
TNF,TNFRSF1A
TNF,TNFRSF1B
LTA,TNFRSF14
LTA,TNFRSF1A
LTA,TNFRSF1B
LTB,LTBR
TNFSF4,TNFRSF4
FASLG,FAS
TNFSF8,TNFRSF8
TNFSF9,TNFRSF9
THPO,MPL
TF,TFRC
TF,TFR2
TRH,TRHR
THBS1,CD36
THBS2,CD36
TULP1,TYRO3
UCN,CRHR1
UCN,CRHR2
UCN2,CRHR2
UCN3,CRHR2
PLAU,PLAUR
UTS2,UTS2R
UTS2B,UTS2R
VEGFA,NRP1
VEGFA,NRP2
VEGFA,FLT1
VEGFA,KDR
VEGFB,NRP1
VEGFB,FLT1
VEGFC,KDR
VEGFC,FLT4
VEGFD,KDR
VEGFD,FLT4
VIP,VIPR1
VIP,VIPR2
WNT5A,ROR1
WNT5A,ROR2
CX3CL1,CX3CR1
XCL1,XCR1
XCL2,XCR1
IL1RAP,PTPRF
EFNB1,EPHA2
CNTN1,NRCAM
PI16,TNFRSF21
OLR1,SLITRK4
APLP2,PIGR
VSIR,HLA-F
CDH2,FCER2
APLP2,PLXNA4
APP,PLXNA4
CD80,NGFR
FGFR4,SDC2
PLXNB3,SEMA4D
CHL1,L1CAM
CD93,IFNGR1
CD320,JAML
VSIR,HLA-E
KIR2DL5A,PVR
FGFR4,TGFBR3
FCER2,FGFR2
CHL1,CHL1
CD248,IL6R
MPZL1,MPZL1
ADCYAP1,ADCYAP1R1
VIP,ADCYAP1R1
SDC1,ADGRA2
SDC2,ADGRA2
TAX1BP3,ADGRB1
RTN4R,ADGRB1
TAX1BP3,ADGRB2
C1QL1,ADGRB3
C1QL2,ADGRB3
C1QL3,ADGRB3
C1QL4,ADGRB3
THY1,ADGRE2
LPAR1,ADGRE5
LPAR2,ADGRE5
LPAR3,ADGRE5
THY1,ADGRE5
SFTPD,ADGRE5
COL3A1,ADGRG1
GAST,ADGRG1
TGM2,ADGRG1
COL4A1,ADGRG6
COL4A2,ADGRG6
COL4A3,ADGRG6
COL4A4,ADGRG6
COL4A5,ADGRG6
COL4A6,ADGRG6
LAMA2,ADGRG6
PRNP,ADGRG6
FLRT1,ADGRL1
FLRT2,ADGRL1
NRXN1,ADGRL1
NRXN2,ADGRL1
NRXN3,ADGRL1
TENM1,ADGRL1
TENM2,ADGRL1
TENM3,ADGRL1
TENM4,ADGRL1
FLRT3,ADGRL2
TENM1,ADGRL2
TENM2,ADGRL2
TENM3,ADGRL2
TENM4,ADGRL2
FLRT1,ADGRL3
FLRT2,ADGRL3
FLRT3,ADGRL3
TENM1,ADGRL3
TENM2,ADGRL3
TENM3,ADGRL3
TENM4,ADGRL3
UNC5A,ADGRL3
OXT,AVPR1A
OXT,AVPR1B
OXT,AVPR2
CALCB,CALCR
IAPP,CALCR
GAST,CCKAR
DAG1,CELSR3
NRXN1,CLSTN1
NRXN2,CLSTN1
NRXN3,CLSTN1
NRXN1,CLSTN2
NRXN2,CLSTN2
NRXN3,CLSTN2
NRXN1,CLSTN3
NRXN2,CLSTN3
NRXN3,CLSTN3
UCN2,CRHR1
GJA5,GJA5
GJA1,GJA5
GJC1,GJA5
GJA3,GJA5
GJA1,GJA1
GJC1,GJA1
GJA3,GJA1
GJC1,GJC1
GJA3,GJC1
GJA3,GJA3
NRXN1,DAG1
NRXN2,DAG1
NRXN3,DAG1
EDN1,EDNRA
EDN2,EDNRA
EDN3,EDNRA
EDN1,EDNRB
EDN2,EDNRB
EDN3,EDNRB
ANXA1,FPR1
CTSG,FPR1
FSHB,FSHR
GAL,GALR1
GALP,GALR1
GAL,GALR2
GALP,GALR2
GAL,GALR3
GALP,GALR3
GHRL,GHSR
PENK,GHSR
GHRL,GPR39
NMB,GRPR
PTPRD,IL1RAP
PTPRD,IL1RAPL1
KISS1,KISS1R
LHB,LHCGR
PTPRD,LRFN4
PTPRF,LRFN4
PTPRS,LRFN4
PTPRD,LRFN5
PTPRF,LRFN5
PTPRS,LRFN5
PTPRD,LRRC4B
PTPRF,LRRC4B
PTPRS,LRRC4B
PTPRF,LRRC4C
NRXN1,LRRTM1
NRXN2,LRRTM1
NRXN3,LRRTM1
NRXN1,LRRTM2
NRXN2,LRRTM2
NRXN3,LRRTM2
NRXN1,LRRTM3
NRXN2,LRRTM3
NRXN3,LRRTM3
NRXN1,LRRTM4
NRXN2,LRRTM4
NRXN3,LRRTM4
PTPRS,LRRTM4
AGRP,MC2R
AGRP,MC5R
NRXN1,NLGN1
NRXN2,NLGN1
NRXN3,NLGN1
NRXN1,NLGN2
NRXN2,NLGN2
NRXN3,NLGN2
NRXN1,NLGN3
NRXN2,NLGN3
NRXN3,NLGN3
PTPRD,NLGN3
NRXN1,NLGN4X
NRXN2,NLGN4X
NRXN3,NLGN4X
NRXN1,NLGN4Y
NRXN2,NLGN4Y
NRXN3,NLGN4Y
GRP,NMBR
NMS,NMUR1
NMS,NMUR2
NPFF,NPFFR1
NPFF,NPFFR2
NPY,NPY1R
PYY,NPY1R
PPY,NPY1R
NPY,NPY2R
PYY,NPY2R
PPY,NPY2R
NPY,NPY4R
PYY,NPY4R
PPY,NPY4R
NPY,NPY5R
PYY,NPY5R
PPY,NPY5R
NTS,NTSR1
NTS,NTSR2
AVP,OXTR
F2,F2R
F2,F2RL2
F2,F2RL3
CTSG,F2RL3
PTHLH,PRLHR
NPY,PRLHR
QRFP,QRFPR
RLN1,RXFP1
RLN1,RXFP2
RLN1,RXFP3
RLN2,RXFP3
VIP,SCTR
PTPRD,SLITRK1
PTPRS,SLITRK1
PTPRD,SLITRK2
PTPRS,SLITRK2
PTPRD,SLITRK3
PTPRS,SLITRK4
PTPRS,SLITRK5
PTPRS,SLITRK6
TAC3,TACR1
TAC3,TACR2
TAC1,TACR3
TSHB,TSHR
ADCYAP1,VIPR1
SCT,VIPR1
SCT,VIPR2
PTGR1,LTB4R
PTGR1,LTB4R2
DAGLA,CNR1
DAGLA,CNR2
DAGLA,GPR55
DAGLB,CNR1
DAGLB,CNR2
DAGLB,GPR55
ALOX5,OXER1
LTC4S,OXER1
ALOX5AP,OXER1
CHAT,CHRNA1
CHAT,CHRNA7
CHAT,CHRM1
CHAT,CHRM2
CHAT,CHRM3
CHAT,CHRM4
CHAT,CHRM5
BMPR1B,BMPR1A
BMPR2,BMPR1A
B2M,IL6ST
CD1B,IL6ST
PNMT,ADRA1A
PNMT,ADRA1B
PNMT,ADRA1D
PNMT,ADRA2A
PNMT,ADRA2B
PNMT,ADRA2C
PNMT,ADRB1
PNMT,ADRB2
PNMT,ADRB3
CYP19A1,GPER1
HSD17B1,GPER1
CGA,FSHR
CGA,LHCGR
HDC,HRH1
HDC,HRH2
HDC,HRH3
HDC,HRH4
ITGB1,ADGRE2
ITGAV,ADGRE2
ITGB1,ADGRE5
ITGAV,ADGRE5
ITGAV,ADGRA2
ITGB3,ADGRA2
ITGB3,ADGRE2
ITGB3,ADGRE5
ITGB5,ADGRB1
ITGAV,ADGRB1
TYR,GPR143
LTA4H,GPR17
LTA4H,LTB4R
LTA4H,LTB4R2
ALOX5AP,CYSLTR1
ALOX5,CYSLTR1
LTC4S,CYSLTR1
ALOX5AP,CYSLTR2
ALOX5,CYSLTR2
LTC4S,CYSLTR2
ALOX5AP,GPR17
ALOX5,GPR17
LTC4S,GPR17
GGT1,CYSLTR1
GGT5,CYSLTR1
GGT1,CYSLTR2
GGT5,CYSLTR2
GGT1,GPR17
GGT5,GPR17
DPEP1,CYSLTR1
DPEP1,CYSLTR2
DPEP2,CYSLTR1
DPEP2,CYSLTR2
DPEP3,CYSLTR1
DPEP3,CYSLTR2
ALOX12,CYSLTR1
ALOX12,FPR2
ALOX5,FPR2
ALOX5AP,FPR2
LTC4S,FPR2
ASMT,MTNR1A
ASMT,MTNR1B
DBH,ADRA1A
DBH,ADRA1B
DBH,ADRA1D
DBH,ADRA2A
DBH,ADRA2B
DBH,ADRA2C
DBH,ADRB1
DBH,ADRB2
DBH,ADRB3
PTGIS,PTGIR
AKR1C3,PTGDR
AKR1C3,PTGDR2
AKR1C3,PTGFR
PTGES,PTGER1
PTGES,PTGER2
PTGES,PTGER3
PTGES,PTGER4
PTGES2,PTGER1
PTGES2,PTGER2
PTGES2,PTGER3
PTGES2,PTGER4
PTGES3,PTGER1
PTGES3,PTGER2
PTGES3,PTGER3
PTGES3,PTGER4
AKR1B1,PTGFR
CBR1,PTGFR
PRXL2B,PTGFR
DDC,HTR1A
DDC,HTR1B
DDC,HTR1D
DDC,HTR1E
DDC,HTR1F
DDC,HTR2A
DDC,HTR2B
DDC,HTR2C
DDC,HTR3A
DDC,HTR3B
DDC,HTR3C
DDC,HTR3D
DDC,HTR3E
DDC,HTR4
DDC,HTR5A
DDC,HTR6
DDC,HTR7
DDC,DRD1
DDC,DRD2
DDC,DRD3
DDC,DRD4
DDC,DRD5
TBXAS1,TBXA2R
GPHB5,TSHR
GPHA2,TSHR
CGA,TSHR
TPH1,HTR1A
SLC6A4,HTR1A
TPH1,HTR1B
SLC6A4,HTR1B
TPH1,HTR1D
SLC6A4,HTR1D
TPH1,HTR1E
SLC6A4,HTR1E
TPH1,HTR1F
SLC6A4,HTR1F
TPH1,HTR2A
SLC6A4,HTR2A
TPH1,HTR2B
SLC6A4,HTR2B
TPH1,HTR2C
SLC6A4,HTR2C
TPH1,HTR4
SLC6A4,HTR4
TPH1,HTR5A
SLC6A4,HTR5A
TPH1,HTR6
SLC6A4,HTR6
TPH1,HTR7
SLC6A4,HTR7
SLC18A1,HTR1A
SLC18A1,HTR1B
SLC18A1,HTR1D
SLC18A1,HTR1E
SLC18A1,HTR1F
SLC18A1,HTR2A
SLC18A1,HTR2B
SLC18A1,HTR2C
SLC18A1,HTR4
SLC18A1,HTR5A
SLC18A1,HTR6
SLC18A1,HTR7
SLC18A2,HTR1A
SLC18A2,HTR1B
SLC18A2,HTR1D
SLC18A2,HTR1E
SLC18A2,HTR1F
SLC18A2,HTR2A
SLC18A2,HTR2B
SLC18A2,HTR2C
SLC18A2,HTR4
SLC18A2,HTR5A
SLC18A2,HTR6
SLC18A2,HTR7
TPH2,HTR1A
TPH2,HTR1B
TPH2,HTR1D
TPH2,HTR1E
TPH2,HTR1F
TPH2,HTR2A
TPH2,HTR2B
TPH2,HTR2C
TPH2,HTR4
TPH2,HTR5A
TPH2,HTR6
TPH2,HTR7
SLC10A4,CHRM1
SLC10A4,CHRM2
SLC10A4,CHRM3
SLC10A4,CHRM4
SLC10A4,CHRM5
SLC18A3,CHRM1
SLC18A3,CHRM2
SLC18A3,CHRM3
SLC18A3,CHRM4
SLC18A3,CHRM5
SLC5A7,CHRM1
SLC5A7,CHRM2
SLC5A7,CHRM3
SLC5A7,CHRM4
SLC5A7,CHRM5
SLC29A1,ADORA1
NT5E,ADORA1
SLC29A1,ADORA2A
NT5E,ADORA2A
SLC29A1,ADORA2B
NT5E,ADORA2B
SLC29A1,ADORA3
NT5E,ADORA3
SLC29A2,ADORA1
SLC29A2,ADORA2A
SLC29A2,ADORA2B
SLC29A2,ADORA3
SLC29A3,ADORA1
SLC29A3,ADORA2A
SLC29A3,ADORA2B
SLC29A3,ADORA3
SLC29A4,ADORA1
SLC29A4,ADORA2A
SLC29A4,ADORA2B
SLC29A4,ADORA3
SLC18A1,ADRA1A
SLC18A1,ADRA1B
SLC18A1,ADRA1D
SLC18A1,ADRA2A
SLC18A1,ADRA2B
SLC18A1,ADRA2C
SLC18A1,ADRB1
SLC18A1,ADRB2
SLC18A1,ADRB3
SLC18A2,ADRA1A
SLC18A2,ADRA1B
SLC18A2,ADRA1D
SLC18A2,ADRA2A
SLC18A2,ADRA2B
SLC18A2,ADRA2C
SLC18A2,ADRB1
SLC18A2,ADRB2
SLC18A2,ADRB3
DDC,TAAR1
SLC6A3,DRD1
SLC6A3,DRD2
SLC6A3,DRD3
SLC6A3,DRD4
SLC6A3,DRD5
SLC18A1,DRD1
SLC18A1,DRD2
SLC18A1,DRD3
SLC18A1,DRD4
SLC18A1,DRD5
SLC18A2,DRD1
SLC18A2,DRD2
SLC18A2,DRD3
SLC18A2,DRD4
SLC18A2,DRD5
SLC32A1,GABBR1
GAD1,GABBR1
SLC32A1,GABBR2
GAD1,GABBR2
SLC6A1,GABBR1
SLC6A1,GABBR2
SLC6A11,GABBR1
SLC6A11,GABBR2
SLC6A12,GABBR1
SLC6A12,GABBR2
SLC6A13,GABBR1
SLC6A13,GABBR2
SLC6A6,GABBR1
SLC6A6,GABBR2
SLC6A8,GABBR1
SLC6A8,GABBR2
GAD2,GABBR1
GAD2,GABBR2
SLC17A6,GRIA1
GLS,GRIA1
SLC17A6,GRIA2
GLS,GRIA2
SLC17A6,GRIA3
GLS,GRIA3
SLC17A6,GRIA4
GLS,GRIA4
SLC17A6,GRIK1
GLS,GRIK1
SLC17A6,GRIK2
GLS,GRIK2
SLC17A6,GRIK3
GLS,GRIK3
SLC17A6,GRM1
GLS,GRM1
SLC17A6,GRM2
GLS,GRM2
SLC17A6,GRM3
GLS,GRM3
SLC17A6,GRM4
GLS,GRM4
SLC17A6,GRM5
GLS,GRM5
SLC17A6,GRM6
GLS,GRM6
SLC17A6,GRM7
GLS,GRM7
SLC17A6,GRM8
GLS,GRM8
SLC17A7,GRIA1
SLC17A7,GRIA2
SLC17A7,GRIA3
SLC17A7,GRIA4
SLC17A7,GRIK1
SLC17A7,GRIK2
SLC17A7,GRIK3
SLC17A7,GRM1
SLC17A7,GRM2
SLC17A7,GRM3
SLC17A7,GRM4
SLC17A7,GRM5
SLC17A7,GRM6
SLC17A7,GRM7
SLC17A7,GRM8
SLC17A8,GRIA1
SLC17A8,GRIA2
SLC17A8,GRIA3
SLC17A8,GRIA4
SLC17A8,GRIK1
SLC17A8,GRIK2
SLC17A8,GRIK3
SLC17A8,GRM1
SLC17A8,GRM2
SLC17A8,GRM3
SLC17A8,GRM4
SLC17A8,GRM5
SLC17A8,GRM6
SLC17A8,GRM7
SLC17A8,GRM8
SLC1A1,GRIA1
SLC1A1,GRIA2
SLC1A1,GRIA3
SLC1A1,GRIA4
SLC1A1,GRIK1
SLC1A1,GRIK2
SLC1A1,GRIK3
SLC1A1,GRM1
SLC1A1,GRM2
SLC1A1,GRM3
SLC1A1,GRM4
SLC1A1,GRM5
SLC1A1,GRM6
SLC1A1,GRM7
SLC1A1,GRM8
SLC1A2,GRIA1
SLC1A2,GRIA2
SLC1A2,GRIA3
SLC1A2,GRIA4
SLC1A2,GRIK1
SLC1A2,GRIK2
SLC1A2,GRIK3
SLC1A2,GRM1
SLC1A2,GRM2
SLC1A2,GRM3
SLC1A2,GRM4
SLC1A2,GRM5
SLC1A2,GRM6
SLC1A2,GRM7
SLC1A2,GRM8
SLC1A3,GRIA1
SLC1A3,GRIA2
SLC1A3,GRIA3
SLC1A3,GRIA4
SLC1A3,GRIK1
SLC1A3,GRIK2
SLC1A3,GRIK3
SLC1A3,GRM1
SLC1A3,GRM2
SLC1A3,GRM3
SLC1A3,GRM4
SLC1A3,GRM5
SLC1A3,GRM6
SLC1A3,GRM7
SLC1A3,GRM8
SLC1A6,GRIA1
SLC1A6,GRIA2
SLC1A6,GRIA3
SLC1A6,GRIA4
SLC1A6,GRIK1
SLC1A6,GRIK2
SLC1A6,GRIK3
SLC1A6,GRM1
SLC1A6,GRM2
SLC1A6,GRM3
SLC1A6,GRM4
SLC1A6,GRM5
SLC1A6,GRM6
SLC1A6,GRM7
SLC1A6,GRM8
SLC1A7,GRIA1
SLC1A7,GRIA2
SLC1A7,GRIA3
SLC1A7,GRIA4
SLC1A7,GRIK1
SLC1A7,GRIK2
SLC1A7,GRIK3
SLC1A7,GRM1
SLC1A7,GRM2
SLC1A7,GRM3
SLC1A7,GRM4
SLC1A7,GRM5
SLC1A7,GRM6
SLC1A7,GRM7
SLC1A7,GRM8
GLS2,GRIA1
GLS2,GRIA2
GLS2,GRIA3
GLS2,GRIA4
GLS2,GRIK1
GLS2,GRIK2
GLS2,GRIK3
GLS2,GRM1
GLS2,GRM2
GLS2,GRM3
GLS2,GRM4
GLS2,GRM5
GLS2,GRM6
GLS2,GRM7
GLS2,GRM8
SLC6A2,ADRA1A
SLC6A2,ADRA1B
SLC6A2,ADRA1D
SLC6A2,ADRA2A
SLC6A2,ADRA2B
SLC6A2,ADRA2C
SLC6A2,ADRB1
SLC6A2,ADRB2
SLC6A2,ADRB3
NRXN1,GRID2
CBLN1,GRID2
PTGDS,PTGDR
PTGDS,PTGDR2
FLRT3,ADGRL1
CGB1,LHCGR
CGB2,LHCGR
CGB3,LHCGR
CGB7,LHCGR
CHAT,CHRNA2
CHAT,CHRNB3
CHAT,CHRNA3
CHAT,CHRNB2
CHAT,CHRNA5
SLC10A4,CHRNA3
SLC10A4,CHRNB4
CHAT,CHRNB4
SLC18A3,CHRNA3
SLC18A3,CHRNB4
SLC5A7,CHRNA3
SLC5A7,CHRNB4
CHAT,CHRNA4
SLC10A4,CHRNA4
SLC10A4,CHRNB2
SLC18A3,CHRNA4
SLC18A3,CHRNB2
SLC5A7,CHRNA4
SLC5A7,CHRNB2
CHAT,CHRNA6
BMP10,ACVRL1
BMP10,ACVR2A
GDF2,ACVRL1
GDF2,ACVR2A
BMP10,BMPR2
GDF2,BMPR2
BMP5,ACVR1
BMP5,ACVR2A
BMP6,ACVR1
BMP6,ACVR2A
BMP7,ACVR1
BMP7,ACVR2A
BMP8A,ACVR1
BMP8A,ACVR2A
INHA,ACVR1
INHA,ACVR2A
INHBA,ACVR1
INHBA,ACVR2A
INHBB,ACVR1
INHBB,ACVR2A
BMP5,ACVR2B
BMP6,ACVR2B
BMP7,ACVR2B
BMP8A,ACVR2B
INHA,ACVR2B
INHBA,ACVR2B
INHBB,ACVR2B
GDF11,ACVR1B
GDF11,ACVR2A
INHA,ACVR1B
INHBA,ACVR1B
INHBB,ACVR1B
GDF1,ACVR1B
GDF1,ACVR2B
GDF10,ACVR1B
GDF10,ACVR2B
GDF11,ACVR2B
GDF3,ACVR1B
GDF3,ACVR2B
MSTN,ACVR1B
MSTN,ACVR2B
INHA,ACVR1C
INHBA,ACVR1C
INHBB,ACVR1C
BMP5,BMPR2
BMP6,BMPR2
BMP7,BMPR2
BMP8A,BMPR2
ADIPOQ,ADIPOR1
ADIPOQ,ADIPOR2
IAPP,RAMP1
IAPP,RAMP2
IAPP,RAMP3
LGALS9,BCR
LGALS9,PTPRC
LGALS9,CD22
FGF19,FGFR4
FGF19,KLB
FGF21,FGFR4
FGF21,KLB
BMP2,BMPR1A
BMP2,BMPR2
BMP4,BMPR1A
BMP4,BMPR2
BMP5,BMPR1A
BMP6,BMPR1A
BMP7,BMPR1A
BMP8A,BMPR1A
GDF6,BMPR1A
GDF6,BMPR2
GDF7,BMPR1A
GDF7,BMPR2
BMP15,BMPR1B
BMP15,BMPR2
BMP2,BMPR1B
BMP4,BMPR1B
BMP5,BMPR1B
BMP6,BMPR1B
BMP7,BMPR1B
BMP8A,BMPR1B
GDF5,BMPR1B
GDF5,BMPR2
GDF6,BMPR1B
GDF7,BMPR1B
GDF2,BMPR1B
GDF2,ACVR1B
BMP15,ACVR1B
BMP2,ACVR2A
BMP4,ACVR2A
GDF5,BMPR1A
GDF5,ACVR2A
GDF6,ACVR2A
GDF7,ACVR2A
BMP2,ACVR2B
BMP4,ACVR2B
GDF5,ACVR2B
GDF7,ACVR2B
GDF6,ACVR2B
HSD3B1,CATSPER1
HSD3B1,CATSPERD
HSD3B1,CATSPER2
HSD3B1,CATSPER3
HSD3B1,CATSPER4
LCK,CD8A
LCK,CD8B
HLA-E,KLRD1
HLA-E,KLRC3
CLCF1,CNTFR
CLCF1,LIFR
CLCF1,IL6ST
CNTF,CNTFR
CNTF,LIFR
CNTF,IL6ST
APOA1,CUBN
ALB,B2M
ALB,FCGRT
WNT1,RYK
WNT1,FZD8
WNT3,RYK
WNT3,FZD8
WNT3A,RYK
WNT3A,FZD8
WNT5A,RYK
WNT5A,FZD8
PGF,KDR
VEGFB,KDR
WNT10A,LRP5
WNT10A,FZD1
WNT1,LRP5
WNT1,FZD1
WNT11,LRP5
WNT11,FZD1
WNT16,LRP5
WNT16,FZD1
WNT2,LRP5
WNT2,FZD1
WNT2B,LRP5
WNT2B,FZD1
WNT3,LRP5
WNT3,FZD1
WNT3A,LRP5
WNT3A,FZD1
WNT4,LRP5
WNT4,FZD1
WNT5B,LRP5
WNT5B,FZD1
WNT6,LRP5
WNT6,FZD1
WNT7A,LRP5
WNT7A,FZD1
WNT7B,LRP5
WNT7B,FZD1
WNT8A,LRP5
WNT8A,FZD1
WNT8B,LRP5
WNT8B,FZD1
WNT9A,LRP5
WNT9A,FZD1
WNT9B,LRP5
WNT9B,FZD1
WNT10A,LRP6
WNT1,LRP6
WNT11,LRP6
WNT16,LRP6
WNT2,LRP6
WNT2B,LRP6
WNT3,LRP6
WNT3A,LRP6
WNT4,LRP6
WNT5B,LRP6
WNT6,LRP6
WNT7A,LRP6
WNT7B,LRP6
WNT8A,LRP6
WNT8B,LRP6
WNT9A,LRP6
WNT9B,LRP6
WNT1,FZD10
WNT11,FZD10
WNT16,FZD10
WNT2,FZD10
WNT2B,FZD10
WNT3,FZD10
WNT3A,FZD10
WNT4,FZD10
WNT5A,LRP5
WNT5A,FZD10
WNT5B,FZD10
WNT6,FZD10
WNT7A,FZD10
WNT7B,FZD10
WNT8A,FZD10
WNT8B,FZD10
WNT9A,FZD10
WNT9B,FZD10
WNT5A,LRP6
WNT1,FZD2
WNT11,FZD2
WNT16,FZD2
WNT2,FZD2
WNT2B,FZD2
WNT3,FZD2
WNT3A,FZD2
WNT4,FZD2
WNT5A,FZD2
WNT5B,FZD2
WNT6,FZD2
WNT7A,FZD2
WNT7B,FZD2
WNT8A,FZD2
WNT8B,FZD2
WNT9A,FZD2
WNT9B,FZD2
WNT1,FZD3
WNT11,FZD3
WNT16,FZD3
WNT2,FZD3
WNT2B,FZD3
WNT3,FZD3
WNT3A,FZD3
WNT4,FZD3
WNT5A,FZD3
WNT5B,FZD3
WNT6,FZD3
WNT7A,FZD3
WNT7B,FZD3
WNT8A,FZD3
WNT8B,FZD3
WNT9A,FZD3
WNT9B,FZD3
NDP,LRP5
NDP,FZD4
WNT1,FZD4
WNT11,FZD4
WNT16,FZD4
WNT2,FZD4
WNT2B,FZD4
WNT3,FZD4
WNT3A,FZD4
WNT4,FZD4
WNT5A,FZD4
WNT5B,FZD4
WNT6,FZD4
WNT7A,FZD4
WNT7B,FZD4
WNT8A,FZD4
WNT8B,FZD4
WNT9A,FZD4
WNT9B,FZD4
WNT10A,FZD5
WNT1,FZD5
WNT11,FZD5
WNT16,FZD5
WNT2,FZD5
WNT2B,FZD5
WNT3,FZD5
WNT3A,FZD5
WNT4,FZD5
WNT5A,FZD5
WNT5B,FZD5
WNT6,FZD5
WNT7A,FZD5
WNT7B,FZD5
WNT8A,FZD5
WNT8B,FZD5
WNT9A,FZD5
WNT9B,FZD5
WNT1,FZD6
WNT11,FZD6
WNT16,FZD6
WNT2,FZD6
WNT2B,FZD6
WNT3,FZD6
WNT3A,FZD6
WNT4,FZD6
WNT5A,FZD6
WNT5B,FZD6
WNT6,FZD6
WNT7A,FZD6
WNT7B,FZD6
WNT8A,FZD6
WNT8B,FZD6
WNT9A,FZD6
WNT9B,FZD6
WNT10A,FZD7
WNT1,FZD7
WNT11,FZD7
WNT16,FZD7
WNT2,FZD7
WNT2B,FZD7
WNT3,FZD7
WNT3A,FZD7
WNT4,FZD7
WNT5A,FZD7
WNT5B,FZD7
WNT6,FZD7
WNT7A,FZD7
WNT7B,FZD7
WNT8A,FZD7
WNT8B,FZD7
WNT9A,FZD7
WNT9B,FZD7
WNT10A,FZD8
WNT11,FZD8
WNT16,FZD8
WNT2,FZD8
WNT2B,FZD8
WNT4,FZD8
WNT5B,FZD8
WNT6,FZD8
WNT7A,FZD8
WNT7B,FZD8
WNT8A,FZD8
WNT8B,FZD8
WNT9A,FZD8
WNT9B,FZD8
RSPO1,LRP6
RSPO1,FZD8
WNT1,FZD9
WNT11,FZD9
WNT16,FZD9
WNT2,FZD9
WNT2B,FZD9
WNT3,FZD9
WNT3A,FZD9
WNT4,FZD9
WNT5A,FZD9
WNT5B,FZD9
WNT6,FZD9
WNT7A,FZD9
WNT7B,FZD9
WNT8A,FZD9
WNT8B,FZD9
WNT9A,FZD9
WNT9B,FZD9
GAL,GPR151
GALP,GPR151
SPX,GALR2
SPX,GPR151
SPX,GALR3
F2,GP1BA
F2,GP1BB
VWF,GP1BA
VWF,GP1BB
CSF2,CSF2RB
CSF2,CSF2RA
IGF1,GPC3
IL1A,IL1R1
IL1A,IL1RAP
IL1B,IL1R1
IL1B,IL1RAP
IL1RN,IL1R1
IL1RN,IL1RAP
IL1A,IL1R2
IL1B,IL1R2
IL1RN,IL1R2
IL10,IL10RA
IL10,IL10RB
IL11,IL11RA
IL11,IL6ST
IL12A,IL12RB1
IL12A,IL12RB2
IL12B,IL12RB1
IL12B,IL12RB2
IL13,IL13RA1
IL13,IL4R
IL4,IL13RA1
IL4,IL4R
IL15,IL15RA
IL15,IL2RB
IL25,IL17RA
IL25,IL17RB
IL17F,IL17RA
IL17F,IL17RC
IL17A,IL17RA
IL17A,IL17RC
IL17C,IL17RA
IL17C,IL17RE
IL18,IL18R1
IL18,IL18RAP
IL2,IL2RA
IL2,IL2RB
IL2,IL2RG
IL19,IL20RA
IL19,IL20RB
IL20,IL20RA
IL20,IL20RB
IL24,IL20RA
IL24,IL20RB
IL20,IL22RA1
IL24,IL22RA1
IL21,IL21R
IL21,IL2RG
IL22,IL22RA1
IL22,IL10RB
IL12B,IL23R
IL23A,IL12RB1
IL23A,IL23R
IL26,IL20RA
IL26,IL10RB
EBI3,IL27RA
EBI3,IL6ST
IL27,IL27RA
IL27,IL6ST
IFNL3,IFNLR1
IFNL3,IL10RB
IL3,CSF2RB
IL3,IL3RA
IL33,IL1RL1
IL33,IL1RAP
EBI3,IL12RB2
IL12A,IL6ST
IL36RN,IL1RL2
IL36RN,IL1RAP
IL1F10,IL1RL2
IL1F10,IL1RAP
IL36A,IL1RL2
IL36A,IL1RAP
IL36B,IL1RL2
IL36B,IL1RAP
IL36G,IL1RL2
IL36G,IL1RAP
IL37,IL18R1
IL37,SIGIRR
IL4,IL2RG
IL5,CSF2RB
IL5,IL5RA
IL6,IL6R
IL6,IL6ST
IL7,IL7R
IL7,IL2RG
IL9,IL9R
IL9,IL2RG
COL1A1,ITGB1
COL1A1,ITGA10
COL1A2,ITGB1
COL1A2,ITGA10
COL2A1,ITGB1
COL2A1,ITGA10
COL3A1,ITGB1
COL3A1,ITGA10
COL4A1,ITGB1
COL4A1,ITGA10
COL4A2,ITGB1
COL4A2,ITGA10
COL4A3,ITGB1
COL4A3,ITGA10
COL4A4,ITGB1
COL4A4,ITGA10
COL4A5,ITGB1
COL4A5,ITGA10
COL4A6,ITGB1
COL4A6,ITGA10
COL5A1,ITGB1
COL5A1,ITGA10
COL5A2,ITGB1
COL5A2,ITGA10
COL5A3,ITGB1
COL5A3,ITGA10
COL6A1,ITGB1
COL6A1,ITGA10
COL6A2,ITGB1
COL6A2,ITGA10
COL6A3,ITGB1
COL6A3,ITGA10
COL6A5,ITGB1
COL6A5,ITGA10
COL6A6,ITGB1
COL6A6,ITGA10
COL7A1,ITGB1
COL7A1,ITGA10
COL8A1,ITGB1
COL8A1,ITGA10
COL8A2,ITGB1
COL8A2,ITGA10
COL9A1,ITGB1
COL9A1,ITGA10
COL9A2,ITGB1
COL9A2,ITGA10
COL9A3,ITGB1
COL9A3,ITGA10
COL10A1,ITGB1
COL10A1,ITGA10
COL11A1,ITGB1
COL11A1,ITGA10
COL11A2,ITGB1
COL11A2,ITGA10
COL12A1,ITGB1
COL12A1,ITGA10
COL13A1,ITGB1
COL13A1,ITGA10
COL14A1,ITGB1
COL14A1,ITGA10
COL15A1,ITGB1
COL15A1,ITGA10
COL16A1,ITGB1
COL16A1,ITGA10
COL17A1,ITGB1
COL17A1,ITGA10
COL18A1,ITGB1
COL18A1,ITGA10
COL19A1,ITGB1
COL19A1,ITGA10
COL20A1,ITGB1
COL20A1,ITGA10
COL21A1,ITGB1
COL21A1,ITGA10
COL22A1,ITGB1
COL22A1,ITGA10
COL24A1,ITGB1
COL24A1,ITGA10
COL26A1,ITGB1
COL26A1,ITGA10
COL27A1,ITGB1
COL27A1,ITGA10
COL28A1,ITGB1
COL28A1,ITGA10
FN1,ITGB1
FN1,ITGA10
COL1A1,ITGA11
COL1A2,ITGA11
COL2A1,ITGA11
COL3A1,ITGA11
COL4A1,ITGA11
COL4A2,ITGA11
COL4A3,ITGA11
COL4A4,ITGA11
COL4A5,ITGA11
COL4A6,ITGA11
COL5A1,ITGA11
COL5A2,ITGA11
COL5A3,ITGA11
COL6A1,ITGA11
COL6A2,ITGA11
COL6A3,ITGA11
COL6A5,ITGA11
COL6A6,ITGA11
COL7A1,ITGA11
COL8A1,ITGA11
COL8A2,ITGA11
COL9A1,ITGA11
COL9A2,ITGA11
COL9A3,ITGA11
COL10A1,ITGA11
COL11A1,ITGA11
COL11A2,ITGA11
COL12A1,ITGA11
COL13A1,ITGA11
COL14A1,ITGA11
COL15A1,ITGA11
COL16A1,ITGA11
COL17A1,ITGA11
COL18A1,ITGA11
COL19A1,ITGA11
COL20A1,ITGA11
COL21A1,ITGA11
COL22A1,ITGA11
COL24A1,ITGA11
COL26A1,ITGA11
COL27A1,ITGA11
COL28A1,ITGA11
FN1,ITGA11
COL1A1,ITGA1
COL1A2,ITGA1
COL2A1,ITGA1
COL3A1,ITGA1
COL4A1,ITGA1
COL4A2,ITGA1
COL4A3,ITGA1
COL4A4,ITGA1
COL4A5,ITGA1
COL4A6,ITGA1
COL5A1,ITGA1
COL5A2,ITGA1
COL5A3,ITGA1
COL6A1,ITGA1
COL6A2,ITGA1
COL6A3,ITGA1
COL6A5,ITGA1
COL6A6,ITGA1
COL7A1,ITGA1
COL8A1,ITGA1
COL8A2,ITGA1
COL9A1,ITGA1
COL9A2,ITGA1
COL9A3,ITGA1
COL10A1,ITGA1
COL11A1,ITGA1
COL11A2,ITGA1
COL12A1,ITGA1
COL13A1,ITGA1
COL14A1,ITGA1
COL15A1,ITGA1
COL16A1,ITGA1
COL17A1,ITGA1
COL18A1,ITGA1
COL19A1,ITGA1
COL20A1,ITGA1
COL21A1,ITGA1
COL22A1,ITGA1
COL24A1,ITGA1
COL26A1,ITGA1
COL27A1,ITGA1
COL28A1,ITGA1
SEMA7A,ITGB1
SEMA7A,ITGA1
CDH1,ITGB1
CDH1,ITGA2
COL1A1,ITGA2
COL1A2,ITGA2
COL2A1,ITGA2
COL3A1,ITGA2
COL4A1,ITGA2
COL4A2,ITGA2
COL4A3,ITGA2
COL4A4,ITGA2
COL4A5,ITGA2
COL4A6,ITGA2
COL5A1,ITGA2
COL5A2,ITGA2
COL5A3,ITGA2
COL6A1,ITGA2
COL6A2,ITGA2
COL6A3,ITGA2
COL6A5,ITGA2
COL6A6,ITGA2
COL7A1,ITGA2
COL8A1,ITGA2
COL8A2,ITGA2
COL9A1,ITGA2
COL9A2,ITGA2
COL9A3,ITGA2
COL10A1,ITGA2
COL11A1,ITGA2
COL11A2,ITGA2
COL12A1,ITGA2
COL13A1,ITGA2
COL14A1,ITGA2
COL15A1,ITGA2
COL16A1,ITGA2
COL17A1,ITGA2
COL18A1,ITGA2
COL19A1,ITGA2
COL20A1,ITGA2
COL21A1,ITGA2
COL22A1,ITGA2
COL24A1,ITGA2
COL26A1,ITGA2
COL27A1,ITGA2
COL28A1,ITGA2
FN1,ITGA2
LAMC1,ITGB1
LAMC1,ITGA2
CD40LG,ITGA2B
CD40LG,ITGB3
FN1,ITGA2B
FN1,ITGB3
L1CAM,ITGA2B
L1CAM,ITGB3
PLG,ITGA2B
PLG,ITGB3
F2,ITGA2B
F2,ITGB3
THBS1,ITGA2B
THBS1,ITGB3
VTN,ITGA2B
VTN,ITGB3
FGA,ITGA2B
FGA,ITGB3
FGG,ITGA2B
FGG,ITGB3
FGB,ITGA2B
FGB,ITGB3
CSPG4,ITGB1
CSPG4,ITGA3
FN1,ITGA3
LAMA3,ITGB1
LAMA3,ITGA3
THBS1,ITGB1
THBS1,ITGA3
FN1,ITGA4
JAM2,ITGB1
JAM2,ITGA4
SPP1,ITGB1
SPP1,ITGA4
PLA2G2A,ITGB1
PLA2G2A,ITGA4
TNC,ITGB1
TNC,ITGA4
PLAUR,ITGB1
PLAUR,ITGA4
VCAM1,ITGB1
VCAM1,ITGA4
FN1,ITGB7
MADCAM1,ITGB7
MADCAM1,ITGA4
VCAM1,ITGB7
CD40LG,ITGB1
CD40LG,ITGA5
FBN1,ITGB1
FBN1,ITGA5
FN1,ITGA5
L1CAM,ITGB1
L1CAM,ITGA5
PLA2G2A,ITGA5
LAMC1,ITGA6
IGF1,ITGB4
IGF1,ITGA6
NRG1,ITGB4
NRG1,ITGA6
LAMC1,ITGA7
FN1,ITGA8
TNC,ITGA8
L1CAM,ITGA9
SPP1,ITGA9
TNC,ITGA9
VCAM1,ITGA9
ICAM3,ITGB2
ICAM3,ITGAD
VCAM1,ITGB2
VCAM1,ITGAD
CDH1,ITGB7
CDH1,ITGAE
ICAM1,ITGB2
ICAM2,ITGB2
ICAM2,ITGAL
ICAM3,ITGAL
ICAM4,ITGB2
ICAM4,ITGAL
F11R,ITGB2
F11R,ITGAL
C3,ITGB2
C3,ITGAM
F10,ITGB2
F10,ITGAM
FCER2,ITGB2
FCER2,ITGAM
GP1BA,ITGB2
GP1BA,ITGAM
ICAM1,ITGAM
JAM3,ITGB2
JAM3,ITGAM
THY1,ITGB2
THY1,ITGAM
FGA,ITGB2
FGA,ITGAM
FGG,ITGB2
FGG,ITGAM
FGB,ITGB2
FGB,ITGAM
FN1,ITGAV
L1CAM,ITGAV
VTN,ITGB1
VTN,ITGAV
FCER2,ITGAV
FCER2,ITGB3
FGF1,ITGAV
FGF1,ITGB3
FGF2,ITGAV
FGF2,ITGB3
IGF1,ITGAV
IGF1,ITGB3
LAMC1,ITGAV
LAMC1,ITGB3
MMP2,ITGAV
MMP2,ITGB3
OMD,ITGAV
OMD,ITGB3
SPP1,ITGAV
SPP1,ITGB3
TNC,ITGAV
TNC,ITGB3
F2,ITGAV
THY1,ITGAV
THY1,ITGB3
THBS1,ITGAV
PLAUR,ITGAV
PLAUR,ITGB3
VWF,ITGAV
VWF,ITGB3
FN1,ITGB5
TNC,ITGB6
TGFB1,ITGAV
TGFB1,ITGB6
TGFB3,ITGAV
TGFB3,ITGB6
TGFB3,ITGB8
FCER2,ITGAX
ICAM1,ITGAX
THY1,ITGAX
FGA,ITGAX
FGG,ITGAX
FGB,ITGAX
FGF23,FGFR1
FGF23,KL
LIF,LIFR
LIF,IL6ST
OSM,LIFR
OSM,IL6ST
AGRN,MUSK
AGRN,LRP4
AMH,AMHR2
AMH,BMPR1A
AMH,BMPR1B
AMH,ACVR1
MICA,KLRK1
MICA,HCST
MICB,KLRK1
MICB,HCST
ULBP1,KLRK1
ULBP1,HCST
ULBP2,KLRK1
ULBP2,HCST
ULBP3,KLRK1
ULBP3,HCST
RAET1E,KLRK1
RAET1E,HCST
RAET1G,KLRK1
RAET1G,HCST
RAET1L,KLRK1
RAET1L,HCST
NODAL,ACVR1B
NODAL,ACVR2A
NODAL,CFC1
NODAL,TDGF1
NODAL,ACVR2B
NODAL,ACVR1C
OSM,OSMR
PDGFD,PDGFRA
SEMA6D,PLXNA1
SEMA6D,KDR
SEMA6D,TREM2
SEMA6D,TYROBP
SEMA3A,PLXNA1
SEMA3A,PLXNA2
SEMA6A,NRP1
SEMA6A,PLXNA2
SEMA3A,PLXNA3
SEMA3A,PLXNA4
DHH,BOC
IHH,BOC
SHH,BOC
DHH,CDON
IHH,CDON
SHH,CDON
DHH,GAS1
IHH,GAS1
SHH,GAS1
CALCA,CALCRL
CALCA,RAMP1
CALCB,CALCRL
CALCB,RAMP1
ADM2,CALCRL
ADM2,RAMP2
ADM2,RAMP3
ADM2,GPER1
ADM,CALCRL
ADM,GPER1
ARTN,RET
ARTN,GFRA1
GDNF,RET
GDNF,GFRA1
NRTN,RET
NRTN,GFRA2
ARTN,GFRA3
PSPN,RET
PSPN,GFRA4
CD47,SIRPB1
CD47,TYROBP
NXNL1,BSG
NXNL1,SLC16A1
TGFB1,TGFBR1
TGFB1,TGFBR2
TGFB2,TGFBR1
TGFB2,TGFBR2
TGFB3,TGFBR1
TGFB3,TGFBR2
TGFB1,ACVR1
TGFB2,ACVR1
TGFB3,ACVR1
GDF11,TGFBR1
MSTN,TGFBR1
MSTN,ACVR2A
GDF9,TGFBR1
GDF9,BMPR2
APP,TREM2
APP,TYROBP
APOA1,TREM2
APOA1,TYROBP
APOA2,TREM2
APOA2,TYROBP
APOB,TREM2
APOB,TYROBP
APOE,TREM2
APOE,TYROBP
CLU,TREM2
CLU,TYROBP
CRLF2,IL7R
CRLF2,CRLF2
TSLP,IL7R
TSLP,CRLF2
IFNA10,IFNAR1
IFNA10,IFNAR2
IFNA14,IFNAR1
IFNA14,IFNAR2
IFNA16,IFNAR1
IFNA16,IFNAR2
IFNA17,IFNAR1
IFNA17,IFNAR2
IFNA21,IFNAR1
IFNA21,IFNAR2
IFNA1,IFNAR1
IFNA1,IFNAR2
IFNA2,IFNAR1
IFNA2,IFNAR2
IFNA4,IFNAR1
IFNA4,IFNAR2
IFNA5,IFNAR1
IFNA5,IFNAR2
IFNA6,IFNAR1
IFNA6,IFNAR2
IFNA7,IFNAR1
IFNA7,IFNAR2
IFNA8,IFNAR1
IFNA8,IFNAR2
IFNB1,IFNAR1
IFNB1,IFNAR2
IFNE,IFNAR1
IFNE,IFNAR2
IFNK,IFNAR1
IFNK,IFNAR2
IFNW1,IFNAR1
IFNW1,IFNAR2
IFNG,IFNGR1
IFNG,IFNGR2
IFNL1,IL10RB
IFNL1,IFNLR1
IFNL2,IL10RB
IFNL2,IFNLR1
TPH1,HTR3A
TPH1,HTR3B
TPH1,HTR3C
TPH1,HTR3D
TPH1,HTR3E
SLC6A4,HTR3A
SLC6A4,HTR3B
SLC6A4,HTR3C
SLC6A4,HTR3D
SLC6A4,HTR3E
SLC18A1,HTR3A
SLC18A1,HTR3B
SLC18A1,HTR3C
SLC18A1,HTR3D
SLC18A1,HTR3E
SLC18A2,HTR3A
SLC18A2,HTR3B
SLC18A2,HTR3C
SLC18A2,HTR3D
SLC18A2,HTR3E
TPH2,HTR3A
TPH2,HTR3B
TPH2,HTR3C
TPH2,HTR3D
TPH2,HTR3E
SLC32A1,GABRA1
SLC32A1,GABRB2
GAD1,GABRA1
GAD1,GABRB2
SLC6A1,GABRA1
SLC6A1,GABRB2
SLC6A11,GABRA1
SLC6A11,GABRB2
SLC6A12,GABRA1
SLC6A12,GABRB2
SLC6A13,GABRA1
SLC6A13,GABRB2
SLC6A6,GABRA1
SLC6A6,GABRB2
SLC6A8,GABRA1
SLC6A8,GABRB2
GAD2,GABRA1
GAD2,GABRB2
SLC32A1,GABRG2
GAD1,GABRG2
SLC6A1,GABRG2
SLC6A11,GABRG2
SLC6A12,GABRG2
SLC6A13,GABRG2
SLC6A6,GABRG2
SLC6A8,GABRG2
GAD2,GABRG2
SLC32A1,GABRD
GAD1,GABRD
SLC6A1,GABRD
SLC6A11,GABRD
SLC6A12,GABRD
SLC6A13,GABRD
SLC6A6,GABRD
SLC6A8,GABRD
GAD2,GABRD
SLC32A1,GABRB3
GAD1,GABRB3
SLC6A1,GABRB3
SLC6A11,GABRB3
SLC6A12,GABRB3
SLC6A13,GABRB3
SLC6A6,GABRB3
SLC6A8,GABRB3
GAD2,GABRB3
SLC32A1,GABRA2
GAD1,GABRA2
SLC6A1,GABRA2
SLC6A11,GABRA2
SLC6A12,GABRA2
SLC6A13,GABRA2
SLC6A6,GABRA2
SLC6A8,GABRA2
GAD2,GABRA2
SLC32A1,GABRA3
GAD1,GABRA3
SLC6A1,GABRA3
SLC6A11,GABRA3
SLC6A12,GABRA3
SLC6A13,GABRA3
SLC6A6,GABRA3
SLC6A8,GABRA3
GAD2,GABRA3
SLC32A1,GABRE
GAD1,GABRE
SLC6A1,GABRE
SLC6A11,GABRE
SLC6A12,GABRE
SLC6A13,GABRE
SLC6A6,GABRE
SLC6A8,GABRE
GAD2,GABRE
SLC32A1,GABRQ
GAD1,GABRQ
SLC6A1,GABRQ
SLC6A11,GABRQ
SLC6A12,GABRQ
SLC6A13,GABRQ
SLC6A6,GABRQ
SLC6A8,GABRQ
GAD2,GABRQ
SLC32A1,GABRA4
GAD1,GABRA4
SLC6A1,GABRA4
SLC6A11,GABRA4
SLC6A12,GABRA4
SLC6A13,GABRA4
SLC6A6,GABRA4
SLC6A8,GABRA4
GAD2,GABRA4
SLC32A1,GABRA5
GAD1,GABRA5
SLC6A1,GABRA5
SLC6A11,GABRA5
SLC6A12,GABRA5
SLC6A13,GABRA5
SLC6A6,GABRA5
SLC6A8,GABRA5
GAD2,GABRA5
SLC32A1,GABRA6
GAD1,GABRA6
SLC6A1,GABRA6
SLC6A11,GABRA6
SLC6A12,GABRA6
SLC6A13,GABRA6
SLC6A6,GABRA6
SLC6A8,GABRA6
GAD2,GABRA6
SLC17A6,GRIK4
GLS,GRIK4
SLC17A7,GRIK4
SLC17A8,GRIK4
SLC1A1,GRIK4
SLC1A2,GRIK4
SLC1A3,GRIK4
SLC1A6,GRIK4
SLC1A7,GRIK4
GLS2,GRIK4
SLC17A6,GRIK5
GLS,GRIK5
SLC17A7,GRIK5
SLC17A8,GRIK5
SLC1A1,GRIK5
SLC1A2,GRIK5
SLC1A3,GRIK5
SLC1A6,GRIK5
SLC1A7,GRIK5
GLS2,GRIK5
SLC17A6,GRIN1
SLC17A6,GRIN2A
GLS,GRIN1
GLS,GRIN2A
SLC17A7,GRIN1
SLC17A7,GRIN2A
SLC17A8,GRIN1
SLC17A8,GRIN2A
SLC1A1,GRIN1
SLC1A1,GRIN2A
SLC1A2,GRIN1
SLC1A2,GRIN2A
SLC1A3,GRIN1
SLC1A3,GRIN2A
SLC1A6,GRIN1
SLC1A6,GRIN2A
SLC1A7,GRIN1
SLC1A7,GRIN2A
GLS2,GRIN1
GLS2,GRIN2A
SLC17A6,GRIN2B
GLS,GRIN2B
SLC17A7,GRIN2B
SLC17A8,GRIN2B
SLC1A1,GRIN2B
SLC1A2,GRIN2B
SLC1A3,GRIN2B
SLC1A6,GRIN2B
SLC1A7,GRIN2B
GLS2,GRIN2B
SLC17A6,GRIN2C
GLS,GRIN2C
SLC17A7,GRIN2C
SLC17A8,GRIN2C
SLC1A1,GRIN2C
SLC1A2,GRIN2C
SLC1A3,GRIN2C
SLC1A6,GRIN2C
SLC1A7,GRIN2C
GLS2,GRIN2C
SLC17A6,GRIN2D
GLS,GRIN2D
SLC17A7,GRIN2D
SLC17A8,GRIN2D
SLC1A1,GRIN2D
SLC1A2,GRIN2D
SLC1A3,GRIN2D
SLC1A6,GRIN2D
SLC1A7,GRIN2D
GLS2,GRIN2D
SLC6A5,GLRA1
SLC6A5,GLRB
SHMT1,GLRA1
SHMT1,GLRB
SLC6A9,GLRA1
SLC6A9,GLRB
SHMT2,GLRA1
SHMT2,GLRB
SLC6A5,GLRA2
SHMT1,GLRA2
SLC6A9,GLRA2
SHMT2,GLRA2
SLC10A4,CHRNA1
SLC10A4,CHRNB1
SLC10A4,CHRND
SLC10A4,CHRNG
CHAT,CHRNB1
CHAT,CHRND
CHAT,CHRNG
SLC18A3,CHRNA1
SLC18A3,CHRNB1
SLC18A3,CHRND
SLC18A3,CHRNG
SLC5A7,CHRNA1
SLC5A7,CHRNB1
SLC5A7,CHRND
SLC5A7,CHRNG
SLC10A4,CHRNE
CHAT,CHRNE
SLC18A3,CHRNE
SLC5A7,CHRNE
SLC10A4,CHRNA7
SLC18A3,CHRNA7
SLC5A7,CHRNA7
FPR2,APP
SORL1,APP
TNFRSF21,APP
CD74,APP
ENTPD1,ADORA1
ENTPD1,ADORA2A
ENTPD1,ADORA2B
ENTPD1,ADORA3
NCAM1,AGRN
PTPRS,AGRN
LILRA4,BST2
ERBB4,BTC
EGFR,BTC
ERBB3,BTC
TNFRSF14,BTLA
TNFRSF14,CD160
KLRG1,CDH1
NECTIN3,CADM1
CADM1,CADM3
CADM4,CADM3
EPB41L1,CADM3
NECTIN3,CADM3
CD6,ALCAM
LILRB2,CD1D
NECTIN2,CD226
SELP,CD24
TREML2,CD276
SELL,CD34
SELP,CD34
CD40,CD40LG
SELE,CD44
CD244,CD48
SIGLEC10,CD52
CD28,CD80
CTLA4,CD80
CD28,CD86
CTLA4,CD86
PILRA,CD99
CD209,CEACAM1
CEACAM6,CEACAM1
CEACAM8,CEACAM1
SELE,CEACAM1
CD8A,CEACAM5
CD1D,CEACAM5
CEACAM1,CEACAM5
CEACAM6,CEACAM5
CEACAM6,CEACAM8
KLRF2,CLEC2A
KLRF1,CLEC2B
NOTCH1,CNTN1
NOTCH2,CNTN1
CADM1,CRTAM
CSF1R,CSF1
CXCR6,CXCL16
ADGRE5,CD55
HHIP,DHH
NOTCH2,DLK1
NOTCH3,DLK1
NOTCH4,DLK1
NOTCH1,DLK1
NOTCH1,DLL1
NOTCH2,DLL1
NOTCH3,DLL1
NOTCH4,DLL1
NOTCH3,DLL3
NOTCH1,DLL3
NOTCH2,DLL3
NOTCH4,DLL3
NOTCH3,DLL4
NOTCH1,DLL4
NOTCH2,DLL4
NOTCH4,DLL4
DSG2,DSC1
DSG2,DSC2
DSC1,DSG1
DSC2,DSG1
DSC3,DSG1
DSC3,DSG2
EPHA1,EFNA1
EPHA2,EFNA1
EPHA3,EFNA1
EPHA4,EFNA1
EPHA5,EFNA1
EPHA7,EFNA1
EPHA8,EFNA1
EPHA1,EFNA2
EPHA2,EFNA2
EPHA3,EFNA2
EPHA4,EFNA2
EPHA5,EFNA2
EPHA7,EFNA2
EPHA8,EFNA2
EPHA4,EFNA3
EPHA5,EFNA3
EPHA7,EFNA3
EPHA1,EFNA3
EPHA2,EFNA3
EPHA3,EFNA3
EPHA8,EFNA3
EPHA4,EFNA4
EPHA5,EFNA4
EPHA7,EFNA4
EPHA1,EFNA4
EPHA2,EFNA4
EPHA3,EFNA4
EPHA8,EFNA4
EPHA4,EFNA5
EPHA5,EFNA5
EPHA7,EFNA5
EPHA1,EFNA5
EPHA2,EFNA5
EPHA3,EFNA5
EPHA8,EFNA5
EPHB2,EFNA5
EPHA4,EFNB1
EPHB1,EFNB1
EPHB2,EFNB1
EPHB3,EFNB1
EPHB4,EFNB1
EPHB6,EFNB1
EPHA4,EFNB2
EPHB1,EFNB2
EPHB3,EFNB2
EPHB4,EFNB2
EPHB2,EFNB2
EPHB6,EFNB2
EPHA4,EFNB3
EPHB1,EFNB3
EPHB2,EFNB3
EPHB3,EFNB3
EPHB4,EFNB3
EPHB6,EFNB3
EGFR,EREG
ERBB4,EREG
CR2,FCER2
FLT3,FLT3LG
EGFR,HBEGF
ERBB4,HBEGF
ERBB2,HBEGF
FPR3,HEBP1
TFRC,HFE
KIR3DL1,HLA-A
KIR3DL2,HLA-B
KIR2DL1,HLA-C
KIR2DL3,HLA-C
KLRC1,HLA-E
KLRC2,HLA-E
KLRK1,HLA-E
KIR3DL1,HLA-F
KIR3DL2,HLA-F
KIR3DS1,HLA-F
LILRB1,HLA-F
LILRB2,HLA-F
LILRB1,HLA-G
LILRB2,HLA-G
ITGAL,ICAM1
SPN,ICAM1
CD209,ICAM2
CD209,ICAM3
CLEC4M,ICAM3
ICOS,ICOSLG
HHIP,IHH
NOTCH2,JAG1
NOTCH3,JAG1
NOTCH4,JAG1
CD46,JAG1
NOTCH1,JAG1
NOTCH1,JAG2
NOTCH2,JAG2
NOTCH3,JAG2
NOTCH4,JAG2
JAM3,JAM2
CLEC2D,KLRB1
LILRB4,LAIR1
SIGLEC1,SPN
CD2,CD58
GLG1,SELE
FGFR1,NCAM1
NCR3,NCR3LG1
ERBB3,NRG1
ERBB4,NRG1
ERBB3,NRG2
ERBB4,NRG2
ERBB4,NRG3
ERBB4,NRG4
CD200R1,CD200
CD80,CD274
PDCD1,CD274
PDCD1,PDCD1LG2
PDGFRA,PDGFC
SELL,PODXL2
SELE,PODXL2
SELP,PODXL2
CD177,PECAM1
CD38,PECAM1
SELL,PODXL
CD22,PTPRC
MRC1,PTPRC
NTRK3,PTPRS
CD226,PVR
CD96,PVR
TIGIT,PVR
CADM3,NECTIN1
NECTIN3,NECTIN1
NECTIN4,NECTIN1
NECTIN3,NECTIN2
TIGIT,NECTIN2
PVR,NECTIN3
TIGIT,NECTIN3
KIT,KITLG
SELL,SELPLG
SELE,SELPLG
SELP,SELPLG
PLXND1,SEMA4A
PLXNB2,SEMA4C
CD72,SEMA4D
PLXNB1,SEMA4D
PLXNB2,SEMA4D
PTPRC,SEMA4D
PLXNB2,SEMA4G
PLXNB3,SEMA5A
PLXNC1,SEMA7A
HHIP,SHH
CD47,SIRPA
CD44,SIGLEC15
CD44,TYROBP
CD47,SIRPG
NECTIN1,CD96
EGFR,TGFA
TGFBR3,TGFB3
TNFRSF13C,TNFSF13B
TNFRSF17,TNFSF13B
TNFRSF13B,TNFSF13B
TNFRSF10D,TNFSF10
TNFRSF10A,TNFSF10
TNFRSF10B,TNFSF10
TNFRSF10C,TNFSF10
TNFRSF11B,TNFSF10
TNFRSF11A,TNFSF11
TNFRSF11B,TNFSF11
TNFRSF12A,TNFSF12
TNFRSF25,TNFSF12
TNFRSF6B,TNFSF14
TNFRSF14,TNFSF14
LTBR,TNFSF14
TNFRSF6B,TNFSF15
TNFRSF25,TNFSF15
TNFRSF18,TNFSF18
TNFRSF1A,TNF
TNFRSF1B,TNF
TNFRSF4,TNFSF4
TNFRSF6B,FASLG
FAS,FASLG
TNFRSF8,TNFSF8
TNFRSF9,TNFSF9
CX3CR1,CX3CL1
PTPRF,IL1RAP
MCAM,CNTN1
VASN,JAG1
VASN,JAG2
EPHA2,EFNB1
NRCAM,CNTN1
SLITRK4,OLR1
PIGR,APLP2
HLA-F,VSIR
FCER2,CDH2
PLXNA4,APLP2
PLXNA4,APP
NGFR,CD80
SDC2,FGFR4
SEMA4D,PLXNB3
L1CAM,CHL1
IFNGR1,CD93
JAML,CD320
HLA-E,VSIR
PVR,KIR2DL5A
TGFBR3,FGFR4
FGFR2,FCER2
IL6R,CD248
ADGRA2,SDC1
ADGRA2,SDC2
ADGRB1,TAX1BP3
ADGRB1,RTN4R
ADGRB2,TAX1BP3
ADGRE2,THY1
ADGRE5,LPAR1
ADGRE5,LPAR2
ADGRE5,LPAR3
ADGRE5,THY1
ADGRL1,FLRT1
ADGRL1,FLRT2
ADGRL1,NRXN1
ADGRL1,NRXN2
ADGRL1,NRXN3
ADGRL1,TENM1
ADGRL1,TENM2
ADGRL1,TENM3
ADGRL1,TENM4
ADGRL2,FLRT3
ADGRL2,TENM1
ADGRL2,TENM2
ADGRL2,TENM3
ADGRL2,TENM4
ADGRL3,FLRT1
ADGRL3,FLRT2
ADGRL3,FLRT3
ADGRL3,TENM1
ADGRL3,TENM2
ADGRL3,TENM3
ADGRL3,TENM4
ADGRL3,UNC5A
CELSR3,DAG1
CLSTN1,NRXN1
CLSTN1,NRXN2
CLSTN1,NRXN3
CLSTN2,NRXN1
CLSTN2,NRXN2
CLSTN2,NRXN3
CLSTN3,NRXN1
CLSTN3,NRXN2
CLSTN3,NRXN3
GJA5,GJA1
GJA5,GJC1
GJA5,GJA3
GJA1,GJC1
GJA1,GJA3
GJC1,GJA3
DAG1,NRXN1
DAG1,NRXN2
DAG1,NRXN3
IL1RAP,PTPRD
IL1RAPL1,PTPRD
LRFN4,PTPRD
LRFN4,PTPRF
LRFN4,PTPRS
LRFN5,PTPRD
LRFN5,PTPRF
LRFN5,PTPRS
LRRC4B,PTPRD
LRRC4B,PTPRF
LRRC4B,PTPRS
LRRC4C,PTPRF
LRRTM1,NRXN1
LRRTM1,NRXN2
LRRTM1,NRXN3
LRRTM2,NRXN1
LRRTM2,NRXN2
LRRTM2,NRXN3
LRRTM3,NRXN1
LRRTM3,NRXN2
LRRTM3,NRXN3
LRRTM4,NRXN1
LRRTM4,NRXN2
LRRTM4,NRXN3
LRRTM4,PTPRS
NLGN1,NRXN1
NLGN1,NRXN2
NLGN1,NRXN3
NLGN2,NRXN1
NLGN2,NRXN2
NLGN2,NRXN3
NLGN3,NRXN1
NLGN3,NRXN2
NLGN3,NRXN3
NLGN3,PTPRD
NLGN4X,NRXN1
NLGN4X,NRXN2
NLGN4X,NRXN3
NLGN4Y,NRXN1
NLGN4Y,NRXN2
NLGN4Y,NRXN3
SLITRK1,PTPRD
SLITRK1,PTPRS
SLITRK2,PTPRD
SLITRK2,PTPRS
SLITRK3,PTPRD
SLITRK4,PTPRS
SLITRK5,PTPRS
SLITRK6,PTPRS
CNR1,DAGLA
CNR2,DAGLA
GPR55,DAGLA
CNR1,DAGLB
CNR2,DAGLB
GPR55,DAGLB
BMPR1A,BMPR1B
BMPR1A,BMPR2
IL6ST,B2M
IL6ST,CD1B
ADGRE2,ITGB1
ADGRE2,ITGAV
ADGRE5,ITGB1
ADGRE5,ITGAV
ADGRA2,ITGAV
ADGRA2,ITGB3
ADGRE2,ITGB3
ADGRE5,ITGB3
ADGRB1,ITGB5
ADGRB1,ITGAV
CYSLTR1,GGT1
CYSLTR2,GGT1
GPR17,GGT1
CYSLTR1,DPEP1
CYSLTR2,DPEP1
THRA,DIO3
THRB,DIO3
HTR1A,SLC6A4
HTR1B,SLC6A4
HTR1D,SLC6A4
HTR1E,SLC6A4
HTR1F,SLC6A4
HTR2A,SLC6A4
HTR2B,SLC6A4
HTR2C,SLC6A4
HTR4,SLC6A4
HTR5A,SLC6A4
HTR6,SLC6A4
HTR7,SLC6A4
CHRM1,SLC10A4
CHRM2,SLC10A4
CHRM3,SLC10A4
CHRM4,SLC10A4
CHRM5,SLC10A4
CHRM1,SLC5A7
CHRM2,SLC5A7
CHRM3,SLC5A7
CHRM4,SLC5A7
CHRM5,SLC5A7
ADORA1,SLC29A1
ADORA1,NT5E
ADORA2A,SLC29A1
ADORA2A,NT5E
ADORA2B,SLC29A1
ADORA2B,NT5E
ADORA3,SLC29A1
ADORA3,NT5E
ADORA1,SLC29A2
ADORA2A,SLC29A2
ADORA2B,SLC29A2
ADORA3,SLC29A2
ADORA1,SLC29A3
ADORA2A,SLC29A3
ADORA2B,SLC29A3
ADORA3,SLC29A3
ADORA1,SLC29A4
ADORA2A,SLC29A4
ADORA2B,SLC29A4
ADORA3,SLC29A4
DRD1,SLC6A3
DRD2,SLC6A3
DRD3,SLC6A3
DRD4,SLC6A3
DRD5,SLC6A3
GABBR1,SLC6A1
GABBR2,SLC6A1
GABBR1,SLC6A11
GABBR2,SLC6A11
GABBR1,SLC6A12
GABBR2,SLC6A12
GABBR1,SLC6A13
GABBR2,SLC6A13
GABBR1,SLC6A6
GABBR2,SLC6A6
GABBR1,SLC6A8
GABBR2,SLC6A8
GABBR1,GAD2
GABBR2,GAD2
GRIA1,SLC17A6
GRIA2,SLC17A6
GRIA3,SLC17A6
GRIA4,SLC17A6
GRIK1,SLC17A6
GRIK2,SLC17A6
GRIK3,SLC17A6
GRM1,SLC17A6
GRM2,SLC17A6
GRM3,SLC17A6
GRM4,SLC17A6
GRM5,SLC17A6
GRM6,SLC17A6
GRM7,SLC17A6
GRM8,SLC17A6
GRIA1,SLC17A7
GRIA2,SLC17A7
GRIA3,SLC17A7
GRIA4,SLC17A7
GRIK1,SLC17A7
GRIK2,SLC17A7
GRIK3,SLC17A7
GRM1,SLC17A7
GRM2,SLC17A7
GRM3,SLC17A7
GRM4,SLC17A7
GRM5,SLC17A7
GRM6,SLC17A7
GRM7,SLC17A7
GRM8,SLC17A7
GRIA1,SLC17A8
GRIA2,SLC17A8
GRIA3,SLC17A8
GRIA4,SLC17A8
GRIK1,SLC17A8
GRIK2,SLC17A8
GRIK3,SLC17A8
GRM1,SLC17A8
GRM2,SLC17A8
GRM3,SLC17A8
GRM4,SLC17A8
GRM5,SLC17A8
GRM6,SLC17A8
GRM7,SLC17A8
GRM8,SLC17A8
GRIA1,SLC1A1
GRIA2,SLC1A1
GRIA3,SLC1A1
GRIA4,SLC1A1
GRIK1,SLC1A1
GRIK2,SLC1A1
GRIK3,SLC1A1
GRM1,SLC1A1
GRM2,SLC1A1
GRM3,SLC1A1
GRM4,SLC1A1
GRM5,SLC1A1
GRM6,SLC1A1
GRM7,SLC1A1
GRM8,SLC1A1
GRIA1,SLC1A2
GRIA2,SLC1A2
GRIA3,SLC1A2
GRIA4,SLC1A2
GRIK1,SLC1A2
GRIK2,SLC1A2
GRIK3,SLC1A2
GRM1,SLC1A2
GRM2,SLC1A2
GRM3,SLC1A2
GRM4,SLC1A2
GRM5,SLC1A2
GRM6,SLC1A2
GRM7,SLC1A2
GRM8,SLC1A2
GRIA1,SLC1A3
GRIA2,SLC1A3
GRIA3,SLC1A3
GRIA4,SLC1A3
GRIK1,SLC1A3
GRIK2,SLC1A3
GRIK3,SLC1A3
GRM1,SLC1A3
GRM2,SLC1A3
GRM3,SLC1A3
GRM4,SLC1A3
GRM5,SLC1A3
GRM6,SLC1A3
GRM7,SLC1A3
GRM8,SLC1A3
GRIA1,SLC1A6
GRIA2,SLC1A6
GRIA3,SLC1A6
GRIA4,SLC1A6
GRIK1,SLC1A6
GRIK2,SLC1A6
GRIK3,SLC1A6
GRM1,SLC1A6
GRM2,SLC1A6
GRM3,SLC1A6
GRM4,SLC1A6
GRM5,SLC1A6
GRM6,SLC1A6
GRM7,SLC1A6
GRM8,SLC1A6
GRIA1,SLC1A7
GRIA2,SLC1A7
GRIA3,SLC1A7
GRIA4,SLC1A7
GRIK1,SLC1A7
GRIK2,SLC1A7
GRIK3,SLC1A7
GRM1,SLC1A7
GRM2,SLC1A7
GRM3,SLC1A7
GRM4,SLC1A7
GRM5,SLC1A7
GRM6,SLC1A7
GRM7,SLC1A7
GRM8,SLC1A7
ADRA1A,SLC6A2
ADRA1B,SLC6A2
ADRA1D,SLC6A2
ADRA2A,SLC6A2
ADRA2B,SLC6A2
ADRA2C,SLC6A2
ADRB1,SLC6A2
ADRB2,SLC6A2
ADRB3,SLC6A2
GRID2,NRXN1
ADGRL1,FLRT3
CHRNA3,SLC10A4
CHRNB4,SLC10A4
CHRNA3,SLC5A7
CHRNB4,SLC5A7
CHRNA4,SLC10A4
CHRNB2,SLC10A4
CHRNA4,SLC5A7
CHRNB2,SLC5A7
BMPR1B,GDF5
BMPR2,GDF5
BMPR1A,GDF5
ACVR2A,GDF5
ACVR2B,GDF5
CD8A,LCK
CD8B,LCK
KLRD1,HLA-E
KLRC3,HLA-E
ITGB1,COL13A1
ITGA10,COL13A1
ITGA11,COL13A1
ITGA1,COL13A1
ITGB1,SEMA7A
ITGA1,SEMA7A
ITGB1,CDH1
ITGA2,CDH1
ITGA2,COL13A1
ITGA2B,CD40LG
ITGB3,CD40LG
ITGA2B,L1CAM
ITGB3,L1CAM
ITGB1,CSPG4
ITGA3,CSPG4
ITGB1,JAM2
ITGA4,JAM2
ITGB1,PLAUR
ITGA4,PLAUR
ITGB1,VCAM1
ITGA4,VCAM1
ITGB7,MADCAM1
ITGA4,MADCAM1
ITGB7,VCAM1
ITGB1,CD40LG
ITGA5,CD40LG
ITGB1,L1CAM
ITGA5,L1CAM
ITGB4,NRG1
ITGA6,NRG1
ITGA9,L1CAM
ITGA9,VCAM1
ITGB2,ICAM3
ITGAD,ICAM3
ITGB2,VCAM1
ITGAD,VCAM1
ITGB7,CDH1
ITGAE,CDH1
ITGB2,ICAM1
ITGB2,ICAM2
ITGAL,ICAM2
ITGAL,ICAM3
ITGB2,ICAM4
ITGAL,ICAM4
ITGB2,F11R
ITGAL,F11R
ITGB2,FCER2
ITGAM,FCER2
ITGB2,GP1BA
ITGAM,GP1BA
ITGAM,ICAM1
ITGB2,JAM3
ITGAM,JAM3
ITGB2,THY1
ITGAM,THY1
ITGAV,L1CAM
ITGAV,FCER2
ITGB3,FCER2
ITGAV,THY1
ITGB3,THY1
ITGAV,PLAUR
ITGB3,PLAUR
ITGAV,TGFB3
ITGB6,TGFB3
ITGB8,TGFB3
ITGAX,FCER2
ITGAX,ICAM1
ITGAX,THY1
MUSK,AGRN
LRP4,AGRN
KLRK1,MICA
HCST,MICA
KLRK1,MICB
HCST,MICB
KLRK1,ULBP1
HCST,ULBP1
KLRK1,ULBP2
HCST,ULBP2
KLRK1,ULBP3
HCST,ULBP3
KLRK1,RAET1E
HCST,RAET1E
KLRK1,RAET1G
HCST,RAET1G
KLRK1,RAET1L
HCST,RAET1L
EZR,L1CAM
PLXNA1,SEMA6D
KDR,SEMA6D
TREM2,SEMA6D
TYROBP,SEMA6D
NRP1,SEMA6A
PLXNA2,SEMA6A
PTCH1,DHH
BOC,DHH
PTCH1,IHH
BOC,IHH
PTCH1,SHH
BOC,SHH
CDON,DHH
CDON,IHH
CDON,SHH
GAS1,DHH
GAS1,IHH
GAS1,SHH
PTCH2,SHH
SIRPB1,CD47
TYROBP,CD47
TGFBR1,TGFB3
TGFBR2,TGFB3
ACVR1,TGFB3
TREM2,APP
TYROBP,APP
IL7R,CRLF2
HTR3A,SLC6A4
HTR3B,SLC6A4
HTR3C,SLC6A4
HTR3D,SLC6A4
HTR3E,SLC6A4
GABRA1,SLC6A1
GABRB2,SLC6A1
GABRA1,SLC6A11
GABRB2,SLC6A11
GABRA1,SLC6A12
GABRB2,SLC6A12
GABRA1,SLC6A13
GABRB2,SLC6A13
GABRA1,SLC6A6
GABRB2,SLC6A6
GABRA1,SLC6A8
GABRB2,SLC6A8
GABRA1,GAD2
GABRB2,GAD2
GABRG2,SLC6A1
GABRG2,SLC6A11
GABRG2,SLC6A12
GABRG2,SLC6A13
GABRG2,SLC6A6
GABRG2,SLC6A8
GABRG2,GAD2
GABRD,SLC6A1
GABRD,SLC6A11
GABRD,SLC6A12
GABRD,SLC6A13
GABRD,SLC6A6
GABRD,SLC6A8
GABRD,GAD2
GABRB3,SLC6A1
GABRB3,SLC6A11
GABRB3,SLC6A12
GABRB3,SLC6A13
GABRB3,SLC6A6
GABRB3,SLC6A8
GABRB3,GAD2
GABRA2,SLC6A1
GABRA2,SLC6A11
GABRA2,SLC6A12
GABRA2,SLC6A13
GABRA2,SLC6A6
GABRA2,SLC6A8
GABRA2,GAD2
GABRA3,SLC6A1
GABRA3,SLC6A11
GABRA3,SLC6A12
GABRA3,SLC6A13
GABRA3,SLC6A6
GABRA3,SLC6A8
GABRA3,GAD2
GABRE,SLC6A1
GABRE,SLC6A11
GABRE,SLC6A12
GABRE,SLC6A13
GABRE,SLC6A6
GABRE,SLC6A8
GABRE,GAD2
GABRQ,SLC6A1
GABRQ,SLC6A11
GABRQ,SLC6A12
GABRQ,SLC6A13
GABRQ,SLC6A6
GABRQ,SLC6A8
GABRQ,GAD2
GABRA4,SLC6A1
GABRA4,SLC6A11
GABRA4,SLC6A12
GABRA4,SLC6A13
GABRA4,SLC6A6
GABRA4,SLC6A8
GABRA4,GAD2
GABRA5,SLC6A1
GABRA5,SLC6A11
GABRA5,SLC6A12
GABRA5,SLC6A13
GABRA5,SLC6A6
GABRA5,SLC6A8
GABRA5,GAD2
GABRA6,SLC6A1
GABRA6,SLC6A11
GABRA6,SLC6A12
GABRA6,SLC6A13
GABRA6,SLC6A6
GABRA6,SLC6A8
GABRA6,GAD2
GRIK4,SLC17A6
GRIK4,SLC17A7
GRIK4,SLC17A8
GRIK4,SLC1A1
GRIK4,SLC1A2
GRIK4,SLC1A3
GRIK4,SLC1A6
GRIK4,SLC1A7
GRIK5,SLC17A6
GRIK5,SLC17A7
GRIK5,SLC17A8
GRIK5,SLC1A1
GRIK5,SLC1A2
GRIK5,SLC1A3
GRIK5,SLC1A6
GRIK5,SLC1A7
GRIN1,SLC17A6
GRIN2A,SLC17A6
GRIN1,SLC17A7
GRIN2A,SLC17A7
GRIN1,SLC17A8
GRIN2A,SLC17A8
GRIN1,SLC1A1
GRIN2A,SLC1A1
GRIN1,SLC1A2
GRIN2A,SLC1A2
GRIN1,SLC1A3
GRIN2A,SLC1A3
GRIN1,SLC1A6
GRIN2A,SLC1A6
GRIN1,SLC1A7
GRIN2A,SLC1A7
GRIN2B,SLC17A6
GRIN2B,SLC17A7
GRIN2B,SLC17A8
GRIN2B,SLC1A1
GRIN2B,SLC1A2
GRIN2B,SLC1A3
GRIN2B,SLC1A6
GRIN2B,SLC1A7
GRIN2C,SLC17A6
GRIN2C,SLC17A7
GRIN2C,SLC17A8
GRIN2C,SLC1A1
GRIN2C,SLC1A2
GRIN2C,SLC1A3
GRIN2C,SLC1A6
GRIN2C,SLC1A7
GRIN2D,SLC17A6
GRIN2D,SLC17A7
GRIN2D,SLC17A8
GRIN2D,SLC1A1
GRIN2D,SLC1A2
GRIN2D,SLC1A3
GRIN2D,SLC1A6
GRIN2D,SLC1A7
GLRA1,SLC6A5
GLRB,SLC6A5
GLRA1,SLC6A9
GLRB,SLC6A9
GLRA2,SLC6A5
GLRA2,SLC6A9
CHRNA1,SLC10A4
CHRNB1,SLC10A4
CHRND,SLC10A4
CHRNG,SLC10A4
CHRNA1,SLC5A7
CHRNB1,SLC5A7
CHRND,SLC5A7
CHRNG,SLC5A7
CHRNE,SLC10A4
CHRNE,SLC5A7
CHRNA7,SLC10A4
CHRNA7,SLC5A7
